{
  "type": "minecraft:crafting_shaped",
  "category": "misc",
  "key": {
    "#": "minecraft:wind_charge",
    "@": "minecraft:chiseled_tuff"
  },
  "pattern": [
    "###",
    "#@#",
    "###"
  ],
  "result": {
    "id": "minecraft:firework_star",
    "components": {
      "minecraft:food": {
        "nutrition": 0,
        "saturation": 0,
        "can_always_eat": true
      },
      "minecraft:item_name": {"translate": "updraft.gust_core_item_name"},
      "minecraft:custom_data": {
        "custom_id": "gust_core"
      },
      "minecraft:consumable": {
        "consume_seconds": 0,
        "animation": "eat",
        "sound": "minecraft:block.amethyst_block.place",
        "has_consume_particles": false,
        "on_consume_effects": []
      },
      "minecraft:lore": [
        {"translate": "updraft.gust_core_item_lore_1"},
        {"translate": "updraft.gust_core_item_lore_2"}
      ],
      "minecraft:item_model": "updraft:gust_core"
    }
  }
}
