{
  "parent": "tcc:minecraft/adventure/enter_tundra_keep",
  "display": {
    "icon": {
      "id": "minecraft:stone",
      "components": {
        "minecraft:item_model": "tcc:frostbloom"
      }
    },
    "title": {
      "translate": "advancements.tcc.minecraft.adventure.plant_frostbloom.title"
    },
    "description": [
      {
        "translate": "advancements.tcc.minecraft.adventure.plant_frostbloom.description"
      },
      "\n\n",
      {
        "translate": "pack.tcc",
        "color": "#008725",
        "italic": true
      }
    ],
    "frame": "task",
    "show_toast": true,
    "announce_to_chat": true,
    "hidden": false
  },
  "criteria": {
    "impossible": {
      "trigger": "minecraft:impossible"
    }
  },
  "requirements": [
    [
      "impossible"
    ]
  ]
}