{
  "type": "minecraft:crafting_shaped",
  "category": "misc",
  "key": {
    "#": "minecraft:wind_charge",
    "@": "minecraft:chiseled_tuff"
  },
  "pattern": [
    "###",
    "#@#",
    "###"
  ],
  "result": {
    "id": "minecraft:firework_star",
    "components": {
      "minecraft:food": {
        "nutrition": 0,
        "saturation": 0,
        "can_always_eat": true
      },
      "minecraft:item_name": "Updraft Catalyst",
      "minecraft:custom_data": {
        "custom_id": "gust_core"
      },
      "minecraft:consumable": {
        "consume_seconds": 0,
        "animation": "eat",
        "sound": "minecraft:block.amethyst_block.place",
        "has_consume_particles": false,
        "on_consume_effects": []
      },
      "minecraft:firework_explosion": {
        "shape": "burst",
        "colors": [
          16777215
        ]
      },
      "minecraft:enchantment_glint_override": true,
      "minecraft:tooltip_display": {
        "hidden_components": [
          "minecraft:firework_explosion"
        ]
      },
      "minecraft:lore": [
        "Use nearby an end crystal to create an updraft.",
        "Remove updraft with thrown wind charge."
      ]
    }
  }
}
