{
  "default_block": {
    "Name": "stone"
  },
  "default_fluid": {
    "Name": "minecraft:water"
  },
  "sea_level": 0,
  "disable_mob_generation": false,
  "aquifers_enabled": false,
  "ore_veins_enabled": false,
  "legacy_random_source": false,
  "noise": {
    "min_y": 256,
    "height": 512,
    "size_horizontal": 1,
    "size_vertical": 1
  },
  "noise_router": {
    "barrier": 0,
    "fluid_level_floodedness": 0,
    "fluid_level_spread": 0,
    "lava": 0,
    "vein_toggle": 0,
    "vein_ridged": 0,
    "vein_gap": 0,
    "temperature": 0,
    "vegetation": 0,
    "continents": 0,
    "erosion": 0,
    "depth": 5,
    "ridges": 0,
    "initial_density_without_jaggedness": 0,
    "final_density": {
      "type": "minecraft:add",
      "argument1": {
        "type": "minecraft:y_clamped_gradient",
        "from_y": -64,
        "to_y": 320,
        "from_value": 1,
        "to_value": -0.5
      },
      "argument2": {
        "type": "minecraft:noise",
        "noise": "minecraft:surface",
        "xz_scale": 12,
        "y_scale": 18
      }
    }
  },
  "spawn_target": [],
  "surface_rule": {
    "type": "minecraft:block",
    "result_state": {
      "Name": "minecraft:stone"
    }
  }
}
