{
  "parent": "minecraft:recipes/root",
  "criteria": {
    "has_wind_charge": {
      "conditions": {
        "items": [
          {
            "items": "minecraft:wind_charge"
          }
        ]
      },
      "trigger": "minecraft:inventory_changed"
    },
    "has_chiseled_tuff_charge": {
      "conditions": {
        "items": [
          {
            "items": "minecraft:chiseled_tuff"
          }
        ]
      },
      "trigger": "minecraft:inventory_changed"
    },
    "has_the_recipe": {
      "conditions": {
        "recipe": "updraft:gust_core"
      },
      "trigger": "minecraft:recipe_unlocked"
    }
  },
  "requirements": [
    [
      "has_the_recipe",
      "has_wind_charge",
      "has_chiseled_tuff_charge"
    ]
  ],
  "rewards": {
    "recipes": [
      "updraft:gust_core"
    ]
  }
}