{
  "type": "minecraft:block",
  "pools": [
    {
      "bonus_rolls": 0,
      "conditions": [
        {
          "condition": "minecraft:survives_explosion"
        }
      ],
      "entries": [
        {
          "type": "minecraft:item",
          "name": "minecraft:firework_star",
          "functions": [
            {
              "function": "minecraft:set_components",
              "components": {
                "minecraft:food": {
                  "nutrition": 0,
                  "saturation": 0,
                  "can_always_eat": true
                },
                "minecraft:item_name": "Updraft Catalyst",
                "minecraft:custom_data": {
                  "custom_id": "gust_core"
                },
                "minecraft:consumable": {
                  "consume_seconds": 0,
                  "animation": "eat",
                  "sound": "minecraft:block.amethyst_block.place",
                  "has_consume_particles": false,
                  "on_consume_effects": []
                },
                "minecraft:firework_explosion": {
                  "shape": "burst",
                  "colors": [
                    16777215
                  ]
                },
                "minecraft:enchantment_glint_override": true,
                "minecraft:tooltip_display": {
                  "hidden_components": [
                    "minecraft:firework_explosion"
                  ]
                },
                "minecraft:lore": [
                  "Use nearby an end crystal to create an updraft.",
                  "Remove updraft with thrown wind charge."
                ]
              }
            }
          ]
        }
      ],
      "rolls": 1
    }
  ],
  "random_sequence": "minecraft:blocks/acacia_button"
}
