{
  "type": "minecraft:block",
  "pools": [
    {
      "bonus_rolls": 0,
      "conditions": [
        {
          "condition": "minecraft:survives_explosion"
        }
      ],
      "entries": [
        {
          "type": "minecraft:item",
          "name": "minecraft:leather_chestplate",
          "functions": [
            {
              "function": "minecraft:set_components",
              "components": {
                "minecraft:custom_name": "Parachute Vest",
                "minecraft:custom_data": {
                  "custom_id": "parachute_vest"
                },
                "minecraft:dyed_color": 15975679,
                "minecraft:attribute_modifiers": [
                  {
                    "type": "minecraft:safe_fall_distance",
                    "id": "minecraft:safe_fall_distance",
                    "amount": 3,
                    "operation": "add_value",
                    "slot": "chest"
                  }
                ],
                "minecraft:tooltip_display": {
                  "hide_tooltip": false,
                  "hidden_components": [
                    "minecraft:dyed_color"
                  ]
                },
                "minecraft:max_damage": 250,
                "minecraft:lore": [
                  "Fall safely from the greatest of heights!"
                ]
              }
            }
          ]
        }
      ],
      "rolls": 1
    }
  ],
  "random_sequence": "minecraft:blocks/acacia_button"
}
