{
  "parent": "minecraft:adventure/minecraft_trials_edition",
  "criteria": {
    "requirement": {
      "trigger": "minecraft:consume_item",
      "conditions": {
        "item": {
          "items": [
            "minecraft:firework_star"
          ],
          "predicates": {
            "minecraft:custom_data": {"custom_id": "gust_core"}
          }
        }
      }
    }
  },
  "display": {
    "description": {
      "translate": "updraft.gustup_adv_desc"
    },
    "frame": "task",
    "icon": {
      "count": 1,
      "id": "minecraft:firework_star"
    },
    "title": {
      "translate": "updraft.gustup_adv_title"
    }
  },
  "rewards": {
    "experience": 40
  },
  "sends_telemetry_event": true
}