{
  "type": "minecraft:block",
  "pools": [
    {
      "bonus_rolls": 0,
      "conditions": [
        {
          "condition": "minecraft:survives_explosion"
        }
      ],
      "entries": [
        {
          "type": "minecraft:item",
          "name": "minecraft:book",
          "functions": [
            {
              "function": "minecraft:set_components",
              "components": {
                "minecraft:custom_name": "Book of Learning: Updraft Catalyst",
                "minecraft:custom_data": {
                  "custom_id": "learning_book_gust_core"
                },
                "minecraft:food": {
                  "nutrition": 0,
                  "saturation": 0,
                  "can_always_eat": true
                },
                "minecraft:consumable": {
                  "consume_seconds": 0,
                  "has_consume_particles": false
                }
              }
            }
          ]
        }
      ],
      "rolls": 1
    }
  ],
  "random_sequence": "minecraft:blocks/acacia_button"
}
