{
  "type": "minecraft:crafting_shaped",
  "category": "equipment",
  "pattern": [
    "MMM",
    "V V",
    " L "
  ],
  "key": {
    "M": "minecraft:phantom_membrane",
    "V": "minecraft:twisting_vines",
    "L": "minecraft:leather_chestplate"
  },
  "result": {
    "components": {
      "minecraft:custom_name": {"translate": "updraft.parachute_vest_item_name"},
      "minecraft:custom_data": {
        "custom_id": "parachute_vest"
      },
      "minecraft:dyed_color": 15975679,
      "minecraft:attribute_modifiers": [
        {
          "type": "minecraft:safe_fall_distance",
          "id": "minecraft:safe_fall_distance",
          "amount": 3,
          "operation": "add_value",
          "slot": "chest"
        }
      ],
      "minecraft:tooltip_display": {
        "hide_tooltip": false,
        "hidden_components": [
          "minecraft:dyed_color"
        ]
      },
      "minecraft:max_damage": 250,
      "minecraft:lore": [
        {"translate": "updraft.parachute_vest_item_lore_1"}
      ]
    },
    "count": 1,
    "id": "minecraft:leather_chestplate"
  },
  "show_notification": true
}